UPDATE AMC_APP_MENU_CONFIGURATION AMC
SET AMC.MENU_DISPLAY_NAME ='Purchase Customs Report'
WHERE AMC.MENU_ID ='RPT-D240';


UPDATE AMC_APP_MENU_CONFIGURATION AMC
SET AMC.MENU_DISPLAY_NAME ='Purchase Intrastat Report'
WHERE AMC.MENU_ID ='RPT-D236';

commit;

SET DEFINE OFF;

-- For Sales Intrastat Report
Insert into RML_REPORT_MASTER_LIST
   (REPORT_ID, SECTION_ID, REPORT_FILE_NAME, REPORT_DISPLAY_NAME, FEATURE_ID, 
    REPORT_DISPLAY_NAME_DE, REPORT_DISPLAY_NAME_ES, ACTION_METHOD, REPORT_TYPE, IS_ACTIVE)
 Values
   ('367', '31', 'SalesIntrastatReport.rpt', 'SalesIntrastat Report', NULL, 
    NULL, NULL, 'populateFilter', 'EOD', 'Y');

Insert into REF_REPORTEXPORTFORMAT
   (REPORT_ID, EXPORT_FORMAT, REPORT_FILE_NAME)
 Values
   ('367', 'EXCEL', 'SalesIntrastatReport_Excel.rpt');

Insert into AMC_APP_MENU_CONFIGURATION
   (MENU_ID, MENU_DISPLAY_NAME, DISPLAY_SEQ_NO, MENU_LEVEL_NO, LINK_CALLED, 
    ICON_CLASS, MENU_PARENT_ID, ACL_ID, TAB_ID, FEATURE_ID, 
    IS_DELETED)
 Values
   ('RPT-D241', 'Sales Intrastat Report', 95, 5, '/EkaReport/CommonFilter.do?method=populateFilter&docType=EOM&ReportID=367&ReportName=SalesIntrastatReport.rpt&ExportFormat=HTML&isEodReport=Y', 
    NULL, 'RPT-D23', NULL, 'Reports', NULL, 
    'N');

-- RFC
begin
 for cc in (select *
               from ak_corporate akc
              where akc.is_internal_corporate = 'N') loop
Insert into RFC_REPORT_FILTER_CONFIG
   (CORPORATE_ID, REPORT_ID, LABEL_ID, LABEL_COLUMN_NUMBER, LABEL_ROW_NUMBER, 
    LABEL, FIELD_ID, COLSPAN, IS_MANDATORY)
 Values
   (cc.corporate_id, '367', 'RFC240PHY01', 1, 1, 
    'Year', 'GFF1012', 1, 'Y');
Insert into RFC_REPORT_FILTER_CONFIG
   (CORPORATE_ID, REPORT_ID, LABEL_ID, LABEL_COLUMN_NUMBER, LABEL_ROW_NUMBER, 
    LABEL, FIELD_ID, COLSPAN, IS_MANDATORY)
 Values
   (cc.corporate_id, '367', 'RFC240PHY02', 1, 2, 
    'Month', 'GFF1012', 1, 'Y');
Insert into RFC_REPORT_FILTER_CONFIG
   (CORPORATE_ID, REPORT_ID, LABEL_ID, LABEL_COLUMN_NUMBER, LABEL_ROW_NUMBER, 
    LABEL, FIELD_ID, COLSPAN, IS_MANDATORY)
 Values
   (cc.corporate_id, '367', 'RFC240PHY03', 1, 3, 
    'Region', 'GFF1011', 1, 'Y');
Insert into RFC_REPORT_FILTER_CONFIG
   (CORPORATE_ID, REPORT_ID, LABEL_ID, LABEL_COLUMN_NUMBER, LABEL_ROW_NUMBER, 
    LABEL, FIELD_ID, COLSPAN, IS_MANDATORY)
 Values
   (cc.corporate_id, '367', 'RFC240PHY04', 1, 4, 
    'Country', 'GFF1011', 1, 'Y');
Insert into RFC_REPORT_FILTER_CONFIG
   (CORPORATE_ID, REPORT_ID, LABEL_ID, LABEL_COLUMN_NUMBER, LABEL_ROW_NUMBER, 
    LABEL, FIELD_ID, COLSPAN, IS_MANDATORY)
 Values
   (cc.corporate_id, '367', 'RFC240PHY05', 1, 5, 
    'Product', 'GFF1011', 1, 'N');
Insert into RFC_REPORT_FILTER_CONFIG
   (CORPORATE_ID, REPORT_ID, LABEL_ID, LABEL_COLUMN_NUMBER, LABEL_ROW_NUMBER, 
    LABEL, FIELD_ID, COLSPAN, IS_MANDATORY)
 Values
   (cc.corporate_id, '367', 'RFC240PHY06', 1, 6, 
    'Quality', 'GFF1011', 1, 'N');
Insert into RFC_REPORT_FILTER_CONFIG
   (CORPORATE_ID, REPORT_ID, LABEL_ID, LABEL_COLUMN_NUMBER, LABEL_ROW_NUMBER, 
    LABEL, FIELD_ID, COLSPAN, IS_MANDATORY)
 Values
   (cc.corporate_id, '367', 'RFC240PHY07', 1, 7, 
    'Supplier', 'GFF1001', 1, 'N');
Insert into RFC_REPORT_FILTER_CONFIG
   (CORPORATE_ID, REPORT_ID, LABEL_ID, LABEL_COLUMN_NUMBER, LABEL_ROW_NUMBER, 
    LABEL, FIELD_ID, COLSPAN, IS_MANDATORY)
 Values
   (cc.corporate_id, '367', 'RFC240PHY08', 1, 8, 
    'ContractRefNo', 'GFF10206', 1, 'N');
Insert into RFC_REPORT_FILTER_CONFIG
   (CORPORATE_ID, REPORT_ID, LABEL_ID, LABEL_COLUMN_NUMBER, LABEL_ROW_NUMBER, 
    LABEL, FIELD_ID, COLSPAN, IS_MANDATORY)
 Values
   (cc.corporate_id, '367', 'RFC240PHY09', 1, 9, 
    'ContractItemRefNo', 'GFF10206', 1, 'N');
Insert into RFC_REPORT_FILTER_CONFIG
   (CORPORATE_ID, REPORT_ID, LABEL_ID, LABEL_COLUMN_NUMBER, LABEL_ROW_NUMBER, 
    LABEL, FIELD_ID, COLSPAN, IS_MANDATORY)
 Values
   (cc.corporate_id, '367', 'RFC240PHY10', 1, 10, 
    'GMRNo', 'GFF10206', 1, 'N');
Insert into RFC_REPORT_FILTER_CONFIG
   (CORPORATE_ID, REPORT_ID, LABEL_ID, LABEL_COLUMN_NUMBER, LABEL_ROW_NUMBER, 
    LABEL, FIELD_ID, COLSPAN, IS_MANDATORY)
 Values
   (cc.corporate_id, '367', 'RFC240PHY11', 1, 11, 
    'ArrivalNo', 'GFF10206', 1, 'N');

end loop;
end;
/

--  RPC
begin
 for cc in (select *
               from ak_corporate akc
              where akc.is_internal_corporate = 'N') loop
Insert into RPC_RF_PARAMETER_CONFIG
   (CORPORATE_ID, REPORT_ID, LABEL_ID, PARAMETER_ID, REPORT_PARAMETER_NAME)
 Values
   (cc.corporate_id, '367', 'RFC240PHY02', 'RFP1060', 'MonthList');
Insert into RPC_RF_PARAMETER_CONFIG
   (CORPORATE_ID, REPORT_ID, LABEL_ID, PARAMETER_ID, REPORT_PARAMETER_NAME)
 Values
   (cc.corporate_id, '367', 'RFC240PHY02', 'RFP1062', 'Yes');
Insert into RPC_RF_PARAMETER_CONFIG
   (CORPORATE_ID, REPORT_ID, LABEL_ID, PARAMETER_ID, REPORT_PARAMETER_NAME)
 Values
   (cc.corporate_id, '367', 'RFC240PHY02', 'RFP1061', 'Month');
Insert into RPC_RF_PARAMETER_CONFIG
   (CORPORATE_ID, REPORT_ID, LABEL_ID, PARAMETER_ID, REPORT_PARAMETER_NAME)
 Values
   (cc.corporate_id, '367', 'RFC240PHY02', 'RFP1063', 'Filter');
Insert into RPC_RF_PARAMETER_CONFIG
   (CORPORATE_ID, REPORT_ID, LABEL_ID, PARAMETER_ID, REPORT_PARAMETER_NAME)
 Values
   (cc.corporate_id, '367', 'RFC240PHY02', 'RFP1064', 'reportForm');
Insert into RPC_RF_PARAMETER_CONFIG
   (CORPORATE_ID, REPORT_ID, LABEL_ID, PARAMETER_ID, REPORT_PARAMETER_NAME)
 Values
   (cc.corporate_id, '367', 'RFC240PHY02', 'RFP1065', '1');
Insert into RPC_RF_PARAMETER_CONFIG
   (CORPORATE_ID, REPORT_ID, LABEL_ID, PARAMETER_ID, REPORT_PARAMETER_NAME)
 Values
   (cc.corporate_id, '367', 'RFC240PHY02', 'RFP1066', 'Yes');
Insert into RPC_RF_PARAMETER_CONFIG
   (CORPORATE_ID, REPORT_ID, LABEL_ID, PARAMETER_ID, REPORT_PARAMETER_NAME)
 Values
   (cc.corporate_id, '367', 'RFC240PHY01', 'RFP1060', 'yearList');
Insert into RPC_RF_PARAMETER_CONFIG
   (CORPORATE_ID, REPORT_ID, LABEL_ID, PARAMETER_ID, REPORT_PARAMETER_NAME)
 Values
   (cc.corporate_id, '367', 'RFC240PHY01', 'RFP1062', 'Yes');
Insert into RPC_RF_PARAMETER_CONFIG
   (CORPORATE_ID, REPORT_ID, LABEL_ID, PARAMETER_ID, REPORT_PARAMETER_NAME)
 Values
   (cc.corporate_id, '367', 'RFC240PHY01', 'RFP1063', 'Filter');
Insert into RPC_RF_PARAMETER_CONFIG
   (CORPORATE_ID, REPORT_ID, LABEL_ID, PARAMETER_ID, REPORT_PARAMETER_NAME)
 Values
   (cc.corporate_id, '367', 'RFC240PHY01', 'RFP1064', 'reportForm');
Insert into RPC_RF_PARAMETER_CONFIG
   (CORPORATE_ID, REPORT_ID, LABEL_ID, PARAMETER_ID, REPORT_PARAMETER_NAME)
 Values
   (cc.corporate_id, '367', 'RFC240PHY01', 'RFP1065', '1');
Insert into RPC_RF_PARAMETER_CONFIG
   (CORPORATE_ID, REPORT_ID, LABEL_ID, PARAMETER_ID, REPORT_PARAMETER_NAME)
 Values
   (cc.corporate_id, '367', 'RFC240PHY01', 'RFP1066', 'Yes');
Insert into RPC_RF_PARAMETER_CONFIG
   (CORPORATE_ID, REPORT_ID, LABEL_ID, PARAMETER_ID, REPORT_PARAMETER_NAME)
 Values
   (cc.corporate_id, '367', 'RFC240PHY01', 'RFP1061', 'Year');
Insert into RPC_RF_PARAMETER_CONFIG
   (CORPORATE_ID, REPORT_ID, LABEL_ID, PARAMETER_ID, REPORT_PARAMETER_NAME)
 Values
   (cc.corporate_id, '367', 'RFC240PHY03', 'RFP1046', 'Region');
Insert into RPC_RF_PARAMETER_CONFIG
   (CORPORATE_ID, REPORT_ID, LABEL_ID, PARAMETER_ID, REPORT_PARAMETER_NAME)
 Values
   (cc.corporate_id, '367', 'RFC240PHY03', 'RFP1047', 'No');
Insert into RPC_RF_PARAMETER_CONFIG
   (CORPORATE_ID, REPORT_ID, LABEL_ID, PARAMETER_ID, REPORT_PARAMETER_NAME)
 Values
   (cc.corporate_id, '367', 'RFC240PHY03', 'RFP1048', 'Filter');
Insert into RPC_RF_PARAMETER_CONFIG
   (CORPORATE_ID, REPORT_ID, LABEL_ID, PARAMETER_ID, REPORT_PARAMETER_NAME)
 Values
   (cc.corporate_id, '367', 'RFC240PHY03', 'RFP1049', 'reportForm');
Insert into RPC_RF_PARAMETER_CONFIG
   (CORPORATE_ID, REPORT_ID, LABEL_ID, PARAMETER_ID, REPORT_PARAMETER_NAME)
 Values
   (cc.corporate_id, '367', 'RFC240PHY03', 'RFP1050', '1');
Insert into RPC_RF_PARAMETER_CONFIG
   (CORPORATE_ID, REPORT_ID, LABEL_ID, PARAMETER_ID, REPORT_PARAMETER_NAME)
 Values
   (cc.corporate_id, '367', 'RFC240PHY03', 'RFP1045', 'regionList');
Insert into RPC_RF_PARAMETER_CONFIG
   (CORPORATE_ID, REPORT_ID, LABEL_ID, PARAMETER_ID, REPORT_PARAMETER_NAME)
 Values
   (cc.corporate_id, '367', 'RFC240PHY04', 'RFP1046', 'Country');
Insert into RPC_RF_PARAMETER_CONFIG
   (CORPORATE_ID, REPORT_ID, LABEL_ID, PARAMETER_ID, REPORT_PARAMETER_NAME)
 Values
   (cc.corporate_id, '367', 'RFC240PHY04', 'RFP1047', 'No');
Insert into RPC_RF_PARAMETER_CONFIG
   (CORPORATE_ID, REPORT_ID, LABEL_ID, PARAMETER_ID, REPORT_PARAMETER_NAME)
 Values
   (cc.corporate_id, '367', 'RFC240PHY04', 'RFP1048', 'Filter');
Insert into RPC_RF_PARAMETER_CONFIG
   (CORPORATE_ID, REPORT_ID, LABEL_ID, PARAMETER_ID, REPORT_PARAMETER_NAME)
 Values
   (cc.corporate_id, '367', 'RFC240PHY04', 'RFP1049', 'reportForm');
Insert into RPC_RF_PARAMETER_CONFIG
   (CORPORATE_ID, REPORT_ID, LABEL_ID, PARAMETER_ID, REPORT_PARAMETER_NAME)
 Values
   (cc.corporate_id, '367', 'RFC240PHY04', 'RFP1050', '1');
Insert into RPC_RF_PARAMETER_CONFIG
   (CORPORATE_ID, REPORT_ID, LABEL_ID, PARAMETER_ID, REPORT_PARAMETER_NAME)
 Values
   (cc.corporate_id, '367', 'RFC240PHY04', 'RFP1045', 'countrycity');
Insert into RPC_RF_PARAMETER_CONFIG
   (CORPORATE_ID, REPORT_ID, LABEL_ID, PARAMETER_ID, REPORT_PARAMETER_NAME)
 Values
   (cc.corporate_id, '367', 'RFC240PHY05', 'RFP1045', 'allProducts');
Insert into RPC_RF_PARAMETER_CONFIG
   (CORPORATE_ID, REPORT_ID, LABEL_ID, PARAMETER_ID, REPORT_PARAMETER_NAME)
 Values
   (cc.corporate_id, '367', 'RFC240PHY05', 'RFP1046', 'Product');
Insert into RPC_RF_PARAMETER_CONFIG
   (CORPORATE_ID, REPORT_ID, LABEL_ID, PARAMETER_ID, REPORT_PARAMETER_NAME)
 Values
   (cc.corporate_id, '367', 'RFC240PHY05', 'RFP1047', 'No');
Insert into RPC_RF_PARAMETER_CONFIG
   (CORPORATE_ID, REPORT_ID, LABEL_ID, PARAMETER_ID, REPORT_PARAMETER_NAME)
 Values
   (cc.corporate_id, '367', 'RFC240PHY05', 'RFP1048', 'Filter');
Insert into RPC_RF_PARAMETER_CONFIG
   (CORPORATE_ID, REPORT_ID, LABEL_ID, PARAMETER_ID, REPORT_PARAMETER_NAME)
 Values
   (cc.corporate_id, '367', 'RFC240PHY06', 'RFP1046', 'Quality');
Insert into RPC_RF_PARAMETER_CONFIG
   (CORPORATE_ID, REPORT_ID, LABEL_ID, PARAMETER_ID, REPORT_PARAMETER_NAME)
 Values
   (cc.corporate_id, '367', 'RFC240PHY06', 'RFP1047', 'No');
Insert into RPC_RF_PARAMETER_CONFIG
   (CORPORATE_ID, REPORT_ID, LABEL_ID, PARAMETER_ID, REPORT_PARAMETER_NAME)
 Values
   (cc.corporate_id, '367', 'RFC240PHY06', 'RFP1048', 'Filter');
Insert into RPC_RF_PARAMETER_CONFIG
   (CORPORATE_ID, REPORT_ID, LABEL_ID, PARAMETER_ID, REPORT_PARAMETER_NAME)
 Values
   (cc.corporate_id, '367', 'RFC240PHY06', 'RFP1049', 'reportForm');
Insert into RPC_RF_PARAMETER_CONFIG
   (CORPORATE_ID, REPORT_ID, LABEL_ID, PARAMETER_ID, REPORT_PARAMETER_NAME)
 Values
   (cc.corporate_id, '367', 'RFC240PHY06', 'RFP1050', '1');
Insert into RPC_RF_PARAMETER_CONFIG
   (CORPORATE_ID, REPORT_ID, LABEL_ID, PARAMETER_ID, REPORT_PARAMETER_NAME)
 Values
   (cc.corporate_id, '367', 'RFC240PHY07', 'RFP1001', 'businesspartner');
Insert into RPC_RF_PARAMETER_CONFIG
   (CORPORATE_ID, REPORT_ID, LABEL_ID, PARAMETER_ID, REPORT_PARAMETER_NAME)
 Values
   (cc.corporate_id, '367', 'RFC240PHY07', 'RFP1002', 'Supplier');
Insert into RPC_RF_PARAMETER_CONFIG
   (CORPORATE_ID, REPORT_ID, LABEL_ID, PARAMETER_ID, REPORT_PARAMETER_NAME)
 Values
   (cc.corporate_id, '367', 'RFC240PHY07', 'RFP1003', 'No');
Insert into RPC_RF_PARAMETER_CONFIG
   (CORPORATE_ID, REPORT_ID, LABEL_ID, PARAMETER_ID, REPORT_PARAMETER_NAME)
 Values
   (cc.corporate_id, '367', 'RFC240PHY07', 'RFP1004', 'Filter');
Insert into RPC_RF_PARAMETER_CONFIG
   (CORPORATE_ID, REPORT_ID, LABEL_ID, PARAMETER_ID, REPORT_PARAMETER_NAME)
 Values
   (cc.corporate_id, '367', 'RFC240PHY07', 'RFP1005', 'reportForm');
Insert into RPC_RF_PARAMETER_CONFIG
   (CORPORATE_ID, REPORT_ID, LABEL_ID, PARAMETER_ID, REPORT_PARAMETER_NAME)
 Values
   (cc.corporate_id, '367', 'RFC240PHY07', 'RFP1006', '1');
Insert into RPC_RF_PARAMETER_CONFIG
   (CORPORATE_ID, REPORT_ID, LABEL_ID, PARAMETER_ID, REPORT_PARAMETER_NAME)
 Values
   (cc.corporate_id, '367', 'RFC240PHY07', 'RFP1008', 'BUYER,SELLER');
Insert into RPC_RF_PARAMETER_CONFIG
   (CORPORATE_ID, REPORT_ID, LABEL_ID, PARAMETER_ID, REPORT_PARAMETER_NAME)
 Values
   (cc.corporate_id, '367', 'RFC240PHY08', 'RFP100533', 'ContractRefNo');
Insert into RPC_RF_PARAMETER_CONFIG
   (CORPORATE_ID, REPORT_ID, LABEL_ID, PARAMETER_ID, REPORT_PARAMETER_NAME)
 Values
   (cc.corporate_id, '367', 'RFC240PHY09', 'RFP100533', 'ContractItemRefNo');
Insert into RPC_RF_PARAMETER_CONFIG
   (CORPORATE_ID, REPORT_ID, LABEL_ID, PARAMETER_ID, REPORT_PARAMETER_NAME)
 Values
   (cc.corporate_id, '367', 'RFC240PHY10', 'RFP100533', 'GMRNo');
Insert into RPC_RF_PARAMETER_CONFIG
   (CORPORATE_ID, REPORT_ID, LABEL_ID, PARAMETER_ID, REPORT_PARAMETER_NAME)
 Values
   (cc.corporate_id, '367', 'RFC240PHY05', 'RFP1049', 'reportForm');
Insert into RPC_RF_PARAMETER_CONFIG
   (CORPORATE_ID, REPORT_ID, LABEL_ID, PARAMETER_ID, REPORT_PARAMETER_NAME)
 Values
   (cc.corporate_id, '367', 'RFC240PHY05', 'RFP1050', '1');
Insert into RPC_RF_PARAMETER_CONFIG
   (CORPORATE_ID, REPORT_ID, LABEL_ID, PARAMETER_ID, REPORT_PARAMETER_NAME)
 Values
   (cc.corporate_id, '367', 'RFC240PHY06', 'RFP1045', 'quality');
Insert into RPC_RF_PARAMETER_CONFIG
   (CORPORATE_ID, REPORT_ID, LABEL_ID, PARAMETER_ID, REPORT_PARAMETER_NAME)
 Values
   (cc.corporate_id, '367', 'RFC240PHY11', 'RFP100533', 'ArrivalNo');

end loop;
end;
/


SET DEFINE OFF;
Insert into RML_REPORT_MASTER_LIST
   (REPORT_ID, SECTION_ID, REPORT_FILE_NAME, REPORT_DISPLAY_NAME, FEATURE_ID, 
    REPORT_DISPLAY_NAME_DE, REPORT_DISPLAY_NAME_ES, ACTION_METHOD, REPORT_TYPE, IS_ACTIVE)
 Values
   ('368', '31', 'SalesMonthlyCustomsReport.rpt', 'Sales Customs Report', NULL, 
    NULL, NULL, 'populateFilter', 'EOD', 'Y');

Insert into REF_REPORTEXPORTFORMAT
   (REPORT_ID, EXPORT_FORMAT, REPORT_FILE_NAME)
 Values
   ('368', 'EXCEL', 'SalesMonthlyCustomsReport_Excel.rpt');

Insert into AMC_APP_MENU_CONFIGURATION
   (MENU_ID, MENU_DISPLAY_NAME, DISPLAY_SEQ_NO, MENU_LEVEL_NO, LINK_CALLED, 
    ICON_CLASS, MENU_PARENT_ID, ACL_ID, TAB_ID, FEATURE_ID, 
    IS_DELETED)
 Values
   ('RPT-D242', 'Sales Customs Report', 96, 5, '/EkaReport/CommonFilter.do?method=populateFilter&docType=EOM&ReportID=368&ReportName=SalesMonthlyCustomsReport.rpt.rpt&ExportFormat=HTML&isEodReport=Y', 
    NULL, 'RPT-D23', NULL, 'Reports', NULL, 
    'N');

-- RFC

begin
 for cc in (select *
               from ak_corporate akc
              where akc.is_internal_corporate = 'N') loop
Insert into RFC_REPORT_FILTER_CONFIG
   (CORPORATE_ID, REPORT_ID, LABEL_ID, LABEL_COLUMN_NUMBER, LABEL_ROW_NUMBER, 
    LABEL, FIELD_ID, COLSPAN, IS_MANDATORY)
 Values
   (cc.corporate_id, '368', 'RFC368PHY01', 1, 1, 
    'Year', 'GFF1012', 1, 'Y');
Insert into RFC_REPORT_FILTER_CONFIG
   (CORPORATE_ID, REPORT_ID, LABEL_ID, LABEL_COLUMN_NUMBER, LABEL_ROW_NUMBER, 
    LABEL, FIELD_ID, COLSPAN, IS_MANDATORY)
 Values
   (cc.corporate_id, '368', 'RFC368PHY02', 1, 2, 
    'Month', 'GFF1012', 1, 'Y');
Insert into RFC_REPORT_FILTER_CONFIG
   (CORPORATE_ID, REPORT_ID, LABEL_ID, LABEL_COLUMN_NUMBER, LABEL_ROW_NUMBER, 
    LABEL, FIELD_ID, COLSPAN, IS_MANDATORY)
 Values
   (cc.corporate_id, '368', 'RFC368PHY03', 1, 4, 
    'Country', 'GFF1011', 1, 'Y');
Insert into RFC_REPORT_FILTER_CONFIG
   (CORPORATE_ID, REPORT_ID, LABEL_ID, LABEL_COLUMN_NUMBER, LABEL_ROW_NUMBER, 
    LABEL, FIELD_ID, COLSPAN, IS_MANDATORY)
 Values
   (cc.corporate_id, '368', 'RFC368PHY04', 1, 5, 
    'Product', 'GFF1011', 1, 'N');
Insert into RFC_REPORT_FILTER_CONFIG
   (CORPORATE_ID, REPORT_ID, LABEL_ID, LABEL_COLUMN_NUMBER, LABEL_ROW_NUMBER, 
    LABEL, FIELD_ID, COLSPAN, IS_MANDATORY)
 Values
   (cc.corporate_id, '368', 'RFC368PHY05', 1, 6, 
    'Quality', 'GFF1011', 1, 'N');
Insert into RFC_REPORT_FILTER_CONFIG
   (CORPORATE_ID, REPORT_ID, LABEL_ID, LABEL_COLUMN_NUMBER, LABEL_ROW_NUMBER, 
    LABEL, FIELD_ID, COLSPAN, IS_MANDATORY)
 Values
   (cc.corporate_id, '368', 'RFC368PHY06', 1, 7, 
    'Supplier', 'GFF1001', 1, 'N');
Insert into RFC_REPORT_FILTER_CONFIG
   (CORPORATE_ID, REPORT_ID, LABEL_ID, LABEL_COLUMN_NUMBER, LABEL_ROW_NUMBER, 
    LABEL, FIELD_ID, COLSPAN, IS_MANDATORY)
 Values
   (cc.corporate_id, '368', 'RFC368PHY07', 1, 8, 
    'ContractRefNo', 'GFF10206', 1, 'N');
Insert into RFC_REPORT_FILTER_CONFIG
   (CORPORATE_ID, REPORT_ID, LABEL_ID, LABEL_COLUMN_NUMBER, LABEL_ROW_NUMBER, 
    LABEL, FIELD_ID, COLSPAN, IS_MANDATORY)
 Values
   (cc.corporate_id, '368', 'RFC368PHY08', 1, 9, 
    'ContractItemRefNo', 'GFF10206', 1, 'N');
Insert into RFC_REPORT_FILTER_CONFIG
   (CORPORATE_ID, REPORT_ID, LABEL_ID, LABEL_COLUMN_NUMBER, LABEL_ROW_NUMBER, 
    LABEL, FIELD_ID, COLSPAN, IS_MANDATORY)
 Values
   (cc.corporate_id, '368', 'RFC368PHY09', 1, 10, 
    'GMRNo', 'GFF10206', 1, 'N');
Insert into RFC_REPORT_FILTER_CONFIG
   (CORPORATE_ID, REPORT_ID, LABEL_ID, LABEL_COLUMN_NUMBER, LABEL_ROW_NUMBER, 
    LABEL, FIELD_ID, COLSPAN, IS_MANDATORY)
 Values
   (cc.corporate_id, '368', 'RFC368PHY10', 1, 3, 
    'Exclude Region', 'GFF1011', 1, 'Y');

end loop;
end;
/


-- RPC
begin
 for cc in (select *
               from ak_corporate akc
              where akc.is_internal_corporate = 'N') loop

Insert into RPC_RF_PARAMETER_CONFIG
   (CORPORATE_ID, REPORT_ID, LABEL_ID, PARAMETER_ID, REPORT_PARAMETER_NAME)
 Values
   (cc.corporate_id, '368', 'RFC248PHY10', 'RFP1046', 'Region');
Insert into RPC_RF_PARAMETER_CONFIG
   (CORPORATE_ID, REPORT_ID, LABEL_ID, PARAMETER_ID, REPORT_PARAMETER_NAME)
 Values
   (cc.corporate_id, '368', 'RFC248PHY10', 'RFP1047', 'No');
Insert into RPC_RF_PARAMETER_CONFIG
   (CORPORATE_ID, REPORT_ID, LABEL_ID, PARAMETER_ID, REPORT_PARAMETER_NAME)
 Values
   (cc.corporate_id, '368', 'RFC248PHY10', 'RFP1048', 'Filter');
Insert into RPC_RF_PARAMETER_CONFIG
   (CORPORATE_ID, REPORT_ID, LABEL_ID, PARAMETER_ID, REPORT_PARAMETER_NAME)
 Values
   (cc.corporate_id, '368', 'RFC248PHY10', 'RFP1049', 'reportForm');
Insert into RPC_RF_PARAMETER_CONFIG
   (CORPORATE_ID, REPORT_ID, LABEL_ID, PARAMETER_ID, REPORT_PARAMETER_NAME)
 Values
   (cc.corporate_id, '368', 'RFC248PHY10', 'RFP1050', '1');
Insert into RPC_RF_PARAMETER_CONFIG
   (CORPORATE_ID, REPORT_ID, LABEL_ID, PARAMETER_ID, REPORT_PARAMETER_NAME)
 Values
   (cc.corporate_id, '368', 'RFC248PHY10', 'RFP1045', 'regionList');
Insert into RPC_RF_PARAMETER_CONFIG
   (CORPORATE_ID, REPORT_ID, LABEL_ID, PARAMETER_ID, REPORT_PARAMETER_NAME)
 Values
   (cc.corporate_id, '368', 'RFC248PHY02', 'RFP1060', 'MonthList');
Insert into RPC_RF_PARAMETER_CONFIG
   (CORPORATE_ID, REPORT_ID, LABEL_ID, PARAMETER_ID, REPORT_PARAMETER_NAME)
 Values
   (cc.corporate_id, '368', 'RFC248PHY02', 'RFP1062', 'Yes');
Insert into RPC_RF_PARAMETER_CONFIG
   (CORPORATE_ID, REPORT_ID, LABEL_ID, PARAMETER_ID, REPORT_PARAMETER_NAME)
 Values
   (cc.corporate_id, '368', 'RFC248PHY02', 'RFP1061', 'Month');
Insert into RPC_RF_PARAMETER_CONFIG
   (CORPORATE_ID, REPORT_ID, LABEL_ID, PARAMETER_ID, REPORT_PARAMETER_NAME)
 Values
   (cc.corporate_id, '368', 'RFC248PHY02', 'RFP1063', 'Filter');
Insert into RPC_RF_PARAMETER_CONFIG
   (CORPORATE_ID, REPORT_ID, LABEL_ID, PARAMETER_ID, REPORT_PARAMETER_NAME)
 Values
   (cc.corporate_id, '368', 'RFC248PHY02', 'RFP1064', 'reportForm');
Insert into RPC_RF_PARAMETER_CONFIG
   (CORPORATE_ID, REPORT_ID, LABEL_ID, PARAMETER_ID, REPORT_PARAMETER_NAME)
 Values
   (cc.corporate_id, '368', 'RFC248PHY02', 'RFP1065', '1');
Insert into RPC_RF_PARAMETER_CONFIG
   (CORPORATE_ID, REPORT_ID, LABEL_ID, PARAMETER_ID, REPORT_PARAMETER_NAME)
 Values
   (cc.corporate_id, '368', 'RFC248PHY02', 'RFP1066', 'Yes');
Insert into RPC_RF_PARAMETER_CONFIG
   (CORPORATE_ID, REPORT_ID, LABEL_ID, PARAMETER_ID, REPORT_PARAMETER_NAME)
 Values
   (cc.corporate_id, '368', 'RFC248PHY01', 'RFP1060', 'yearList');
Insert into RPC_RF_PARAMETER_CONFIG
   (CORPORATE_ID, REPORT_ID, LABEL_ID, PARAMETER_ID, REPORT_PARAMETER_NAME)
 Values
   (cc.corporate_id, '368', 'RFC248PHY01', 'RFP1062', 'Yes');
Insert into RPC_RF_PARAMETER_CONFIG
   (CORPORATE_ID, REPORT_ID, LABEL_ID, PARAMETER_ID, REPORT_PARAMETER_NAME)
 Values
   (cc.corporate_id, '368', 'RFC248PHY01', 'RFP1063', 'Filter');
Insert into RPC_RF_PARAMETER_CONFIG
   (CORPORATE_ID, REPORT_ID, LABEL_ID, PARAMETER_ID, REPORT_PARAMETER_NAME)
 Values
   (cc.corporate_id, '368', 'RFC248PHY01', 'RFP1064', 'reportForm');
Insert into RPC_RF_PARAMETER_CONFIG
   (CORPORATE_ID, REPORT_ID, LABEL_ID, PARAMETER_ID, REPORT_PARAMETER_NAME)
 Values
   (cc.corporate_id, '368', 'RFC248PHY01', 'RFP1065', '1');
Insert into RPC_RF_PARAMETER_CONFIG
   (CORPORATE_ID, REPORT_ID, LABEL_ID, PARAMETER_ID, REPORT_PARAMETER_NAME)
 Values
   (cc.corporate_id, '368', 'RFC248PHY01', 'RFP1066', 'Yes');
Insert into RPC_RF_PARAMETER_CONFIG
   (CORPORATE_ID, REPORT_ID, LABEL_ID, PARAMETER_ID, REPORT_PARAMETER_NAME)
 Values
   (cc.corporate_id, '368', 'RFC248PHY01', 'RFP1061', 'Year');
Insert into RPC_RF_PARAMETER_CONFIG
   (CORPORATE_ID, REPORT_ID, LABEL_ID, PARAMETER_ID, REPORT_PARAMETER_NAME)
 Values
   (cc.corporate_id, '368', 'RFC248PHY03', 'RFP1046', 'Country');
Insert into RPC_RF_PARAMETER_CONFIG
   (CORPORATE_ID, REPORT_ID, LABEL_ID, PARAMETER_ID, REPORT_PARAMETER_NAME)
 Values
   (cc.corporate_id, '368', 'RFC248PHY03', 'RFP1047', 'No');
Insert into RPC_RF_PARAMETER_CONFIG
   (CORPORATE_ID, REPORT_ID, LABEL_ID, PARAMETER_ID, REPORT_PARAMETER_NAME)
 Values
   (cc.corporate_id, '368', 'RFC248PHY03', 'RFP1048', 'Filter');
Insert into RPC_RF_PARAMETER_CONFIG
   (CORPORATE_ID, REPORT_ID, LABEL_ID, PARAMETER_ID, REPORT_PARAMETER_NAME)
 Values
   (cc.corporate_id, '368', 'RFC248PHY03', 'RFP1049', 'reportForm');
Insert into RPC_RF_PARAMETER_CONFIG
   (CORPORATE_ID, REPORT_ID, LABEL_ID, PARAMETER_ID, REPORT_PARAMETER_NAME)
 Values
   (cc.corporate_id, '368', 'RFC248PHY03', 'RFP1050', '1');
Insert into RPC_RF_PARAMETER_CONFIG
   (CORPORATE_ID, REPORT_ID, LABEL_ID, PARAMETER_ID, REPORT_PARAMETER_NAME)
 Values
   (cc.corporate_id, '368', 'RFC248PHY04', 'RFP1045', 'allProducts');
Insert into RPC_RF_PARAMETER_CONFIG
   (CORPORATE_ID, REPORT_ID, LABEL_ID, PARAMETER_ID, REPORT_PARAMETER_NAME)
 Values
   (cc.corporate_id, '368', 'RFC248PHY04', 'RFP1046', 'Product');
Insert into RPC_RF_PARAMETER_CONFIG
   (CORPORATE_ID, REPORT_ID, LABEL_ID, PARAMETER_ID, REPORT_PARAMETER_NAME)
 Values
   (cc.corporate_id, '368', 'RFC248PHY04', 'RFP1047', 'No');
Insert into RPC_RF_PARAMETER_CONFIG
   (CORPORATE_ID, REPORT_ID, LABEL_ID, PARAMETER_ID, REPORT_PARAMETER_NAME)
 Values
   (cc.corporate_id, '368', 'RFC248PHY04', 'RFP1048', 'Filter');
Insert into RPC_RF_PARAMETER_CONFIG
   (CORPORATE_ID, REPORT_ID, LABEL_ID, PARAMETER_ID, REPORT_PARAMETER_NAME)
 Values
   (cc.corporate_id, '368', 'RFC248PHY05', 'RFP1046', 'Quality');
Insert into RPC_RF_PARAMETER_CONFIG
   (CORPORATE_ID, REPORT_ID, LABEL_ID, PARAMETER_ID, REPORT_PARAMETER_NAME)
 Values
   (cc.corporate_id, '368', 'RFC248PHY05', 'RFP1047', 'No');
Insert into RPC_RF_PARAMETER_CONFIG
   (CORPORATE_ID, REPORT_ID, LABEL_ID, PARAMETER_ID, REPORT_PARAMETER_NAME)
 Values
   (cc.corporate_id, '368', 'RFC248PHY05', 'RFP1048', 'Filter');
Insert into RPC_RF_PARAMETER_CONFIG
   (CORPORATE_ID, REPORT_ID, LABEL_ID, PARAMETER_ID, REPORT_PARAMETER_NAME)
 Values
   (cc.corporate_id, '368', 'RFC248PHY05', 'RFP1049', 'reportForm');
Insert into RPC_RF_PARAMETER_CONFIG
   (CORPORATE_ID, REPORT_ID, LABEL_ID, PARAMETER_ID, REPORT_PARAMETER_NAME)
 Values
   (cc.corporate_id, '368', 'RFC248PHY05', 'RFP1050', '1');
Insert into RPC_RF_PARAMETER_CONFIG
   (CORPORATE_ID, REPORT_ID, LABEL_ID, PARAMETER_ID, REPORT_PARAMETER_NAME)
 Values
   (cc.corporate_id, '368', 'RFC248PHY06', 'RFP1001', 'businesspartner');
Insert into RPC_RF_PARAMETER_CONFIG
   (CORPORATE_ID, REPORT_ID, LABEL_ID, PARAMETER_ID, REPORT_PARAMETER_NAME)
 Values
   (cc.corporate_id, '368', 'RFC248PHY06', 'RFP1002', 'Supplier');
Insert into RPC_RF_PARAMETER_CONFIG
   (CORPORATE_ID, REPORT_ID, LABEL_ID, PARAMETER_ID, REPORT_PARAMETER_NAME)
 Values
   (cc.corporate_id, '368', 'RFC248PHY06', 'RFP1003', 'No');
Insert into RPC_RF_PARAMETER_CONFIG
   (CORPORATE_ID, REPORT_ID, LABEL_ID, PARAMETER_ID, REPORT_PARAMETER_NAME)
 Values
   (cc.corporate_id, '368', 'RFC248PHY06', 'RFP1004', 'Filter');
Insert into RPC_RF_PARAMETER_CONFIG
   (CORPORATE_ID, REPORT_ID, LABEL_ID, PARAMETER_ID, REPORT_PARAMETER_NAME)
 Values
   (cc.corporate_id, '368', 'RFC248PHY06', 'RFP1005', 'reportForm');
Insert into RPC_RF_PARAMETER_CONFIG
   (CORPORATE_ID, REPORT_ID, LABEL_ID, PARAMETER_ID, REPORT_PARAMETER_NAME)
 Values
   (cc.corporate_id, '368', 'RFC248PHY06', 'RFP1006', '1');
Insert into RPC_RF_PARAMETER_CONFIG
   (CORPORATE_ID, REPORT_ID, LABEL_ID, PARAMETER_ID, REPORT_PARAMETER_NAME)
 Values
   (cc.corporate_id, '368', 'RFC248PHY06', 'RFP1008', 'BUYER,SELLER');
Insert into RPC_RF_PARAMETER_CONFIG
   (CORPORATE_ID, REPORT_ID, LABEL_ID, PARAMETER_ID, REPORT_PARAMETER_NAME)
 Values
   (cc.corporate_id, '368', 'RFC248PHY07', 'RFP100533', 'ContractRefNo');
Insert into RPC_RF_PARAMETER_CONFIG
   (CORPORATE_ID, REPORT_ID, LABEL_ID, PARAMETER_ID, REPORT_PARAMETER_NAME)
 Values
   (cc.corporate_id, '368', 'RFC248PHY08', 'RFP100533', 'ContractItemRefNo');
Insert into RPC_RF_PARAMETER_CONFIG
   (CORPORATE_ID, REPORT_ID, LABEL_ID, PARAMETER_ID, REPORT_PARAMETER_NAME)
 Values
   (cc.corporate_id, '368', 'RFC248PHY09', 'RFP100533', 'GMRNo');
Insert into RPC_RF_PARAMETER_CONFIG
   (CORPORATE_ID, REPORT_ID, LABEL_ID, PARAMETER_ID, REPORT_PARAMETER_NAME)
 Values
   (cc.corporate_id, '368', 'RFC248PHY04', 'RFP1049', 'reportForm');
Insert into RPC_RF_PARAMETER_CONFIG
   (CORPORATE_ID, REPORT_ID, LABEL_ID, PARAMETER_ID, REPORT_PARAMETER_NAME)
 Values
   (cc.corporate_id, '368', 'RFC248PHY04', 'RFP1050', '1');
Insert into RPC_RF_PARAMETER_CONFIG
   (CORPORATE_ID, REPORT_ID, LABEL_ID, PARAMETER_ID, REPORT_PARAMETER_NAME)
 Values
   (cc.corporate_id, '368', 'RFC248PHY05', 'RFP1045', 'quality');
Insert into RPC_RF_PARAMETER_CONFIG
   (CORPORATE_ID, REPORT_ID, LABEL_ID, PARAMETER_ID, REPORT_PARAMETER_NAME)
 Values
   (cc.corporate_id, '368', 'RFC248PHY03', 'RFP1045', 'countrycity');
end loop;
end;
/

commit;


